<?xml version="1.0" encoding="utf-8" ?>
<PawnKindDefs>

	<PawnKindDef>
		<defName>Assistant</defName>
		<label>Assistant</label>
		<race>Human</race>
		<combatPower>35</combatPower>
		<defaultFactionType>Greytide</defaultFactionType>
		<baseRecruitDifficulty>0.10</baseRecruitDifficulty>
		<backstoryCategory>Raider</backstoryCategory>
		<backstoryCryptosleepCommonality>0.1</backstoryCryptosleepCommonality>
		<maxGenerationAge>48</maxGenerationAge>
		<invNutrition>2</invNutrition>
		<itemQuality>Normal</itemQuality>
		<gearHealthRange>
			<min>1</min>
			<max>1.8</max>
		</gearHealthRange>
		<apparelTags>
			<li>GreytideJumpsuit</li>
			<li>GreytideHats</li>
		</apparelTags>
		<apparelMoney>
			<min>1000</min>
			<max>3500</max>
		</apparelMoney>
		<apparelAllowHeadwearChance>0.5</apparelAllowHeadwearChance>
		<weaponMoney>
			<min>2000</min>
			<max>2000</max>
		</weaponMoney>
		<weaponTags>
			<li>Greytide</li>
		</weaponTags>
		<techHediffsMoney>
			<min>0</min>
			<max>0</max>
		</techHediffsMoney>
		<techHediffsTags>
		</techHediffsTags>
		<techHediffsChance>0</techHediffsChance>
		<inventoryOptions>
			<skipChance>0.4</skipChance>
			<subOptionsChooseOne>
				<li>
					<thingDef>Silver</thingDef>
					<countRange>
						<min>20</min>
						<max>90</max>
					</countRange>
				</li>
				<li>
					<thingDef>Medicine</thingDef>
					<countRange>
						<min>1</min>
						<max>2</max>
					</countRange>
				</li>
			</subOptionsChooseOne>
		</inventoryOptions>
	</PawnKindDef>
</PawnKindDefs>